Modelo,k,Características,Silhouette,Calinski-Harabasz,Davies-Bouldin
Salario+Temporada,2,2,0.38035996555965146,5314.887457318136,1.0797568249972396
Posiciones Promedio,2,3,0.3696245125720013,91.20334521171024,1.115576785793785
Multidimensional,2,4,0.2836113110937669,3991.543356388443,1.4404026002332553
